HER,has_hashtag,-2.82848738418
HER,certain_yes,-2.67570954384
HER,is_clout_no,-1.98392675283
HER,anx_yes,-1.95611216547
HER,type_photo,-1.91333308823
HER,assent_yes,-1.90057293451
HER,negemo_yes,-1.81148373047
HER,is_analytic_no,-1.78151344433
HER,posemo_yes,-1.72488086324
HER,risk_yes,-1.67339946878
HER,anger_yes,-1.47886937177
HER,is_tone_yes,-1.35514849415
HER,power_yes,-1.13134991389
HER,affiliation_yes,-1.11365992433
HER,is_tone_no,-1.00545007841
HER,cause_yes,-0.969189185313
HER,discrep_yes,-0.950791279512
HER,low_wps,-0.913444856781
HER,reward_yes,-0.910150400134
HER,is_clout_yes,-0.902097759818
HER,sad_yes,-0.821633424869
HER,differ_yes,-0.765152817829
HER,insight_yes,-0.659171121172
HER,swear_yes,-0.506841778553
HER,achieve_yes,-0.355917130008
HER,many_sixltr,-0.119443188664
HER,has_url,-0.0402495345199
HER,filler_yes,-0.0273939730437
LER,type_link,6.10005406924
LER,type_event,5.35086070332
LER,type_status,2.7236327967
LER,see_yes,1.79399561745
LER,is_analytic_yes,1.6167582758
LER,nonflu_yes,1.60102494931
LER,has_exclam,1.45602515124
LER,tentat_yes,1.38081672362
LER,netspeak_yes,1.30012517352
LER,high_wps,1.26739309594
LER,has_qmark,1.2201045645
LER,is_authentic_no,0.793639131125
LER,type_video,0.737880238826
LER,hear_yes,0.35135293036
LER,few_sixltr,0.0761421199641
LER,feel_yes,0.0552994816704
LER,is_authentic_yes,0.0451533949073
