LER,type_event,4.815533458
LER,type_link,1.22439461693
HER,has_hashtag,1.11164155404
HER,type_photo,0.955157412536
LER,has_url,0.59712440349
HER,type_video,0.41707155939
